user_id,profile_type,avg_transaction_amount,daily_transaction_rate,home_city,home_lat,home_lon,registered_device
U100000,regular,1100.04,1.97,Hyderabad,17.385,78.4867,D100000
U100001,low,392.25,2.06,Kolkata,22.5726,88.3639,D100001
U100002,low,679.73,0.85,Hyderabad,17.385,78.4867,D100002
U100003,low,841.82,1.75,Patna,25.5941,85.1376,D100003
U100004,regular,3179.77,1.82,Ahmedabad,23.0225,72.5714,D100004
U100005,low,1082.37,2.09,Bengaluru,12.9716,77.5946,D100005
U100006,regular,2361.0,1.64,Pune,18.5204,73.8567,D100006
U100007,low,641.93,1.41,Pune,18.5204,73.8567,D100007
U100008,regular,4228.51,3.24,Kolkata,22.5726,88.3639,D100008
U100009,low,1130.07,0.93,Chennai,13.0827,80.2707,D100009
U100010,high,11185.2,4.52,Ahmedabad,23.0225,72.5714,D100010
U100011,low,362.6,1.92,Chennai,13.0827,80.2707,D100011
U100012,business,44936.12,7.2,Jaipur,26.9124,75.7873,D100012
U100013,low,872.12,1.42,Pune,18.5204,73.8567,D100013
U100014,regular,3680.7,3.17,Chandigarh,30.7333,76.7794,D100014
U100015,regular,3436.52,1.68,Patna,25.5941,85.1376,D100015
U100016,low,716.03,1.26,Chandigarh,30.7333,76.7794,D100016
U100017,regular,1878.46,2.11,Delhi,28.6139,77.209,D100017
U100018,low,328.89,1.34,Chennai,13.0827,80.2707,D100018
U100019,low,1121.82,1.76,Patna,25.5941,85.1376,D100019
U100020,low,889.89,1.47,Chandigarh,30.7333,76.7794,D100020
U100021,regular,2059.52,1.89,Kolkata,22.5726,88.3639,D100021
U100022,regular,3988.06,2.4,Ahmedabad,23.0225,72.5714,D100022
U100023,regular,1877.28,3.99,Kolkata,22.5726,88.3639,D100023
U100024,regular,4023.13,3.61,Bengaluru,12.9716,77.5946,D100024
U100025,regular,4168.32,2.38,Mumbai,19.076,72.8777,D100025
U100026,regular,3383.55,2.51,Chennai,13.0827,80.2707,D100026
U100027,business,45127.29,2.07,Patna,25.5941,85.1376,D100027
U100028,low,1096.31,2.08,Chandigarh,30.7333,76.7794,D100028
U100029,low,564.15,1.07,Delhi,28.6139,77.209,D100029
U100030,business,45654.85,3.58,Kolkata,22.5726,88.3639,D100030
U100031,regular,3030.73,1.5,Chandigarh,30.7333,76.7794,D100031
U100032,low,875.05,1.84,Bengaluru,12.9716,77.5946,D100032
U100033,regular,1646.2,3.87,Kolkata,22.5726,88.3639,D100033
U100034,high,10989.45,3.21,Mumbai,19.076,72.8777,D100034
U100035,high,13787.22,4.41,Chennai,13.0827,80.2707,D100035
U100036,low,516.78,1.76,Mumbai,19.076,72.8777,D100036
U100037,low,737.39,0.92,Kolkata,22.5726,88.3639,D100037
U100038,regular,1513.57,2.53,Kolkata,22.5726,88.3639,D100038
U100039,low,774.91,1.83,Hyderabad,17.385,78.4867,D100039
U100040,high,12552.65,3.91,Patna,25.5941,85.1376,D100040
U100041,low,1195.63,1.9,Lucknow,26.8467,80.9462,D100041
U100042,high,9514.86,2.37,Mumbai,19.076,72.8777,D100042
U100043,low,829.48,1.19,Hyderabad,17.385,78.4867,D100043
U100044,low,937.06,0.9,Mumbai,19.076,72.8777,D100044
U100045,high,13596.35,1.75,Hyderabad,17.385,78.4867,D100045
U100046,low,736.87,1.72,Patna,25.5941,85.1376,D100046
U100047,high,10710.43,3.15,Lucknow,26.8467,80.9462,D100047
U100048,high,6904.1,1.84,Jaipur,26.9124,75.7873,D100048
U100049,regular,2644.41,3.62,Delhi,28.6139,77.209,D100049
U100050,regular,4936.66,1.48,Jaipur,26.9124,75.7873,D100050
U100051,regular,4202.37,1.51,Hyderabad,17.385,78.4867,D100051
U100052,low,703.75,1.52,Chennai,13.0827,80.2707,D100052
U100053,regular,4497.94,1.41,Kolkata,22.5726,88.3639,D100053
U100054,low,886.93,1.72,Delhi,28.6139,77.209,D100054
U100055,business,47422.84,7.09,Bengaluru,12.9716,77.5946,D100055
U100056,regular,2925.43,3.62,Delhi,28.6139,77.209,D100056
U100057,low,301.94,1.46,Lucknow,26.8467,80.9462,D100057
U100058,low,926.93,2.04,Kolkata,22.5726,88.3639,D100058
U100059,regular,2946.69,1.73,Hyderabad,17.385,78.4867,D100059
U100060,business,35271.31,5.25,Patna,25.5941,85.1376,D100060
U100061,low,345.13,1.61,Kolkata,22.5726,88.3639,D100061
U100062,low,1164.7,0.94,Bengaluru,12.9716,77.5946,D100062
U100063,low,361.16,2.27,Jaipur,26.9124,75.7873,D100063
U100064,low,1101.26,1.22,Ahmedabad,23.0225,72.5714,D100064
U100065,low,373.79,1.92,Ahmedabad,23.0225,72.5714,D100065
U100066,regular,4738.83,1.77,Patna,25.5941,85.1376,D100066
U100067,low,539.05,1.02,Chandigarh,30.7333,76.7794,D100067
U100068,low,584.56,2.08,Mumbai,19.076,72.8777,D100068
U100069,low,859.04,1.76,Mumbai,19.076,72.8777,D100069
U100070,low,491.84,1.25,Pune,18.5204,73.8567,D100070
U100071,high,13792.7,2.79,Bengaluru,12.9716,77.5946,D100071
U100072,regular,3172.87,2.05,Chandigarh,30.7333,76.7794,D100072
U100073,regular,3671.45,2.75,Chandigarh,30.7333,76.7794,D100073
U100074,low,1090.31,1.25,Mumbai,19.076,72.8777,D100074
U100075,regular,1621.79,1.99,Hyderabad,17.385,78.4867,D100075
U100076,regular,1814.39,2.98,Chennai,13.0827,80.2707,D100076
U100077,regular,2004.49,3.74,Delhi,28.6139,77.209,D100077
U100078,low,681.22,1.27,Delhi,28.6139,77.209,D100078
U100079,low,417.74,2.47,Bengaluru,12.9716,77.5946,D100079
U100080,regular,3206.72,2.4,Delhi,28.6139,77.209,D100080
U100081,low,1150.55,1.97,Bengaluru,12.9716,77.5946,D100081
U100082,regular,4338.38,2.83,Bengaluru,12.9716,77.5946,D100082
U100083,regular,1167.32,2.22,Delhi,28.6139,77.209,D100083
U100084,high,7100.77,2.37,Mumbai,19.076,72.8777,D100084
U100085,regular,3239.53,3.65,Ahmedabad,23.0225,72.5714,D100085
U100086,regular,4703.06,1.86,Bengaluru,12.9716,77.5946,D100086
U100087,business,43377.01,7.29,Delhi,28.6139,77.209,D100087
U100088,low,1132.04,2.13,Jaipur,26.9124,75.7873,D100088
U100089,high,13640.64,4.34,Chennai,13.0827,80.2707,D100089
U100090,low,931.15,1.45,Delhi,28.6139,77.209,D100090
U100091,high,7224.34,4.36,Lucknow,26.8467,80.9462,D100091
U100092,low,1038.48,2.28,Hyderabad,17.385,78.4867,D100092
U100093,low,473.82,1.36,Mumbai,19.076,72.8777,D100093
U100094,business,24769.37,5.85,Jaipur,26.9124,75.7873,D100094
U100095,regular,4374.64,2.13,Delhi,28.6139,77.209,D100095
U100096,low,1173.36,1.1,Chennai,13.0827,80.2707,D100096
U100097,low,836.91,1.39,Pune,18.5204,73.8567,D100097
U100098,regular,4936.94,1.52,Ahmedabad,23.0225,72.5714,D100098
U100099,low,339.95,1.54,Kolkata,22.5726,88.3639,D100099
U100100,high,10384.52,4.02,Patna,25.5941,85.1376,D100100
U100101,regular,1788.14,2.41,Chandigarh,30.7333,76.7794,D100101
U100102,high,11231.55,3.82,Mumbai,19.076,72.8777,D100102
U100103,regular,2201.29,2.07,Jaipur,26.9124,75.7873,D100103
U100104,low,927.49,1.74,Hyderabad,17.385,78.4867,D100104
U100105,regular,4761.45,3.1,Bengaluru,12.9716,77.5946,D100105
U100106,regular,2203.8,2.73,Delhi,28.6139,77.209,D100106
U100107,low,489.16,2.14,Ahmedabad,23.0225,72.5714,D100107
U100108,regular,2859.95,2.44,Hyderabad,17.385,78.4867,D100108
U100109,regular,4174.94,3.89,Patna,25.5941,85.1376,D100109
U100110,low,376.32,1.68,Chandigarh,30.7333,76.7794,D100110
U100111,regular,1373.55,3.87,Hyderabad,17.385,78.4867,D100111
U100112,regular,1898.56,1.76,Delhi,28.6139,77.209,D100112
U100113,low,1185.54,1.84,Mumbai,19.076,72.8777,D100113
U100114,regular,4544.55,2.81,Patna,25.5941,85.1376,D100114
U100115,regular,2977.51,1.88,Chandigarh,30.7333,76.7794,D100115
U100116,regular,4570.64,3.61,Mumbai,19.076,72.8777,D100116
U100117,regular,1875.36,3.45,Patna,25.5941,85.1376,D100117
U100118,regular,1200.87,1.9,Mumbai,19.076,72.8777,D100118
U100119,regular,4205.67,3.07,Kolkata,22.5726,88.3639,D100119
U100120,regular,4800.16,3.7,Ahmedabad,23.0225,72.5714,D100120
U100121,high,13920.2,2.99,Kolkata,22.5726,88.3639,D100121
U100122,regular,1636.63,3.61,Lucknow,26.8467,80.9462,D100122
U100123,low,522.52,1.88,Kolkata,22.5726,88.3639,D100123
U100124,regular,1956.98,2.43,Patna,25.5941,85.1376,D100124
U100125,low,544.54,1.34,Kolkata,22.5726,88.3639,D100125
U100126,low,435.75,1.45,Bengaluru,12.9716,77.5946,D100126
U100127,regular,1256.92,2.34,Kolkata,22.5726,88.3639,D100127
U100128,regular,1249.06,3.53,Jaipur,26.9124,75.7873,D100128
U100129,high,10840.79,3.93,Ahmedabad,23.0225,72.5714,D100129
U100130,regular,1023.58,2.18,Jaipur,26.9124,75.7873,D100130
U100131,high,14534.3,2.97,Patna,25.5941,85.1376,D100131
U100132,regular,4199.47,3.71,Lucknow,26.8467,80.9462,D100132
U100133,low,692.25,0.85,Pune,18.5204,73.8567,D100133
U100134,regular,4192.57,3.23,Lucknow,26.8467,80.9462,D100134
U100135,high,14807.22,3.37,Jaipur,26.9124,75.7873,D100135
U100136,regular,3652.0,1.44,Jaipur,26.9124,75.7873,D100136
U100137,low,715.53,0.89,Jaipur,26.9124,75.7873,D100137
U100138,low,709.23,1.37,Jaipur,26.9124,75.7873,D100138
U100139,low,1156.08,1.52,Mumbai,19.076,72.8777,D100139
U100140,regular,3996.1,1.35,Pune,18.5204,73.8567,D100140
U100141,low,361.76,2.43,Delhi,28.6139,77.209,D100141
U100142,regular,4798.45,1.76,Delhi,28.6139,77.209,D100142
U100143,regular,1954.18,2.53,Mumbai,19.076,72.8777,D100143
U100144,regular,1871.86,3.16,Pune,18.5204,73.8567,D100144
U100145,low,846.52,2.07,Mumbai,19.076,72.8777,D100145
U100146,regular,1655.06,2.07,Ahmedabad,23.0225,72.5714,D100146
U100147,low,580.76,1.95,Jaipur,26.9124,75.7873,D100147
U100148,regular,3860.06,1.41,Patna,25.5941,85.1376,D100148
U100149,high,7428.49,3.94,Chennai,13.0827,80.2707,D100149
U100150,high,11004.12,1.92,Ahmedabad,23.0225,72.5714,D100150
U100151,regular,2388.82,2.4,Pune,18.5204,73.8567,D100151
U100152,low,882.79,0.82,Jaipur,26.9124,75.7873,D100152
U100153,high,6055.39,4.86,Chandigarh,30.7333,76.7794,D100153
U100154,high,9597.39,2.04,Bengaluru,12.9716,77.5946,D100154
U100155,regular,4861.89,1.96,Kolkata,22.5726,88.3639,D100155
U100156,regular,2859.5,3.51,Ahmedabad,23.0225,72.5714,D100156
U100157,low,1066.54,2.21,Mumbai,19.076,72.8777,D100157
U100158,low,705.72,2.08,Ahmedabad,23.0225,72.5714,D100158
U100159,regular,2515.96,1.28,Pune,18.5204,73.8567,D100159
U100160,low,490.91,2.16,Pune,18.5204,73.8567,D100160
U100161,low,836.54,2.3,Kolkata,22.5726,88.3639,D100161
U100162,low,1153.26,0.95,Patna,25.5941,85.1376,D100162
U100163,regular,3220.7,1.87,Lucknow,26.8467,80.9462,D100163
U100164,regular,2963.29,3.42,Mumbai,19.076,72.8777,D100164
U100165,low,663.96,1.21,Chandigarh,30.7333,76.7794,D100165
U100166,regular,2893.04,2.69,Jaipur,26.9124,75.7873,D100166
U100167,business,34263.6,4.11,Lucknow,26.8467,80.9462,D100167
U100168,low,526.26,1.01,Hyderabad,17.385,78.4867,D100168
U100169,low,968.59,2.42,Patna,25.5941,85.1376,D100169
U100170,low,494.75,1.62,Patna,25.5941,85.1376,D100170
U100171,regular,4040.83,2.87,Mumbai,19.076,72.8777,D100171
U100172,high,7962.46,2.76,Chennai,13.0827,80.2707,D100172
U100173,low,780.72,1.27,Delhi,28.6139,77.209,D100173
U100174,regular,3789.67,1.55,Lucknow,26.8467,80.9462,D100174
U100175,low,311.04,1.28,Lucknow,26.8467,80.9462,D100175
U100176,regular,1737.45,1.34,Lucknow,26.8467,80.9462,D100176
U100177,low,358.81,1.64,Ahmedabad,23.0225,72.5714,D100177
U100178,regular,1214.44,1.62,Ahmedabad,23.0225,72.5714,D100178
U100179,high,5851.81,2.37,Kolkata,22.5726,88.3639,D100179
U100180,regular,3425.27,3.41,Hyderabad,17.385,78.4867,D100180
U100181,regular,2521.51,3.74,Chennai,13.0827,80.2707,D100181
U100182,high,14900.31,2.57,Ahmedabad,23.0225,72.5714,D100182
U100183,low,1164.1,0.97,Hyderabad,17.385,78.4867,D100183
U100184,regular,2058.58,1.43,Hyderabad,17.385,78.4867,D100184
U100185,low,367.56,0.8,Lucknow,26.8467,80.9462,D100185
U100186,regular,2879.65,1.29,Chennai,13.0827,80.2707,D100186
U100187,regular,3811.95,2.47,Chandigarh,30.7333,76.7794,D100187
U100188,low,538.1,2.15,Ahmedabad,23.0225,72.5714,D100188
U100189,regular,4734.67,2.39,Kolkata,22.5726,88.3639,D100189
U100190,low,434.09,1.25,Bengaluru,12.9716,77.5946,D100190
U100191,low,449.33,1.32,Patna,25.5941,85.1376,D100191
U100192,high,14211.93,3.04,Lucknow,26.8467,80.9462,D100192
U100193,regular,3798.93,3.84,Kolkata,22.5726,88.3639,D100193
U100194,regular,2751.04,2.87,Jaipur,26.9124,75.7873,D100194
U100195,regular,3414.85,1.27,Hyderabad,17.385,78.4867,D100195
U100196,business,44258.55,5.45,Delhi,28.6139,77.209,D100196
U100197,business,38529.86,3.62,Delhi,28.6139,77.209,D100197
U100198,regular,1700.76,2.65,Lucknow,26.8467,80.9462,D100198
U100199,high,6814.89,3.55,Chandigarh,30.7333,76.7794,D100199
U100200,high,14690.55,3.15,Jaipur,26.9124,75.7873,D100200
U100201,low,903.12,2.26,Pune,18.5204,73.8567,D100201
U100202,regular,2981.88,3.06,Jaipur,26.9124,75.7873,D100202
U100203,high,10500.97,3.09,Pune,18.5204,73.8567,D100203
U100204,low,404.33,2.11,Kolkata,22.5726,88.3639,D100204
U100205,high,5011.51,4.54,Lucknow,26.8467,80.9462,D100205
U100206,regular,1750.33,2.21,Lucknow,26.8467,80.9462,D100206
U100207,regular,4039.96,1.77,Kolkata,22.5726,88.3639,D100207
U100208,low,559.23,2.3,Lucknow,26.8467,80.9462,D100208
U100209,low,1175.83,1.84,Hyderabad,17.385,78.4867,D100209
U100210,regular,2243.0,1.24,Jaipur,26.9124,75.7873,D100210
U100211,low,1193.03,2.35,Lucknow,26.8467,80.9462,D100211
U100212,high,11477.1,2.04,Patna,25.5941,85.1376,D100212
U100213,low,934.87,1.51,Lucknow,26.8467,80.9462,D100213
U100214,business,23530.58,5.31,Jaipur,26.9124,75.7873,D100214
U100215,low,839.44,2.07,Bengaluru,12.9716,77.5946,D100215
U100216,high,7762.47,4.27,Jaipur,26.9124,75.7873,D100216
U100217,low,1008.95,1.25,Delhi,28.6139,77.209,D100217
U100218,low,568.7,1.8,Chandigarh,30.7333,76.7794,D100218
U100219,regular,1594.38,2.71,Pune,18.5204,73.8567,D100219
U100220,low,986.59,1.44,Pune,18.5204,73.8567,D100220
U100221,high,14807.75,2.34,Jaipur,26.9124,75.7873,D100221
U100222,low,997.99,0.87,Patna,25.5941,85.1376,D100222
U100223,regular,4653.72,2.27,Chandigarh,30.7333,76.7794,D100223
U100224,regular,3608.08,1.63,Delhi,28.6139,77.209,D100224
U100225,low,1168.82,1.36,Mumbai,19.076,72.8777,D100225
U100226,high,9403.06,3.34,Lucknow,26.8467,80.9462,D100226
U100227,low,429.74,2.28,Bengaluru,12.9716,77.5946,D100227
U100228,low,1003.37,1.25,Ahmedabad,23.0225,72.5714,D100228
U100229,regular,3599.35,3.58,Chandigarh,30.7333,76.7794,D100229
U100230,high,8800.09,2.61,Patna,25.5941,85.1376,D100230
U100231,high,9879.47,3.39,Ahmedabad,23.0225,72.5714,D100231
U100232,low,868.04,2.37,Hyderabad,17.385,78.4867,D100232
U100233,regular,2735.89,1.48,Chandigarh,30.7333,76.7794,D100233
U100234,regular,1402.03,1.67,Chennai,13.0827,80.2707,D100234
U100235,high,5459.91,4.29,Chennai,13.0827,80.2707,D100235
U100236,regular,2722.75,1.88,Jaipur,26.9124,75.7873,D100236
U100237,regular,4170.08,1.68,Mumbai,19.076,72.8777,D100237
U100238,regular,2530.18,3.11,Lucknow,26.8467,80.9462,D100238
U100239,high,6431.18,3.11,Chennai,13.0827,80.2707,D100239
U100240,regular,3667.36,3.72,Lucknow,26.8467,80.9462,D100240
U100241,high,11776.11,2.05,Lucknow,26.8467,80.9462,D100241
U100242,high,14876.52,2.55,Jaipur,26.9124,75.7873,D100242
U100243,regular,2827.34,2.05,Jaipur,26.9124,75.7873,D100243
U100244,high,6066.53,2.83,Pune,18.5204,73.8567,D100244
U100245,regular,4970.77,2.03,Chandigarh,30.7333,76.7794,D100245
U100246,regular,1032.39,3.62,Patna,25.5941,85.1376,D100246
U100247,business,46871.59,6.47,Chennai,13.0827,80.2707,D100247
U100248,regular,1920.47,3.45,Hyderabad,17.385,78.4867,D100248
U100249,regular,3483.56,3.1,Patna,25.5941,85.1376,D100249
U100250,regular,3723.42,1.58,Mumbai,19.076,72.8777,D100250
U100251,high,11463.41,2.58,Lucknow,26.8467,80.9462,D100251
U100252,low,628.38,1.02,Chennai,13.0827,80.2707,D100252
U100253,low,673.95,1.14,Kolkata,22.5726,88.3639,D100253
U100254,high,8658.58,3.26,Chennai,13.0827,80.2707,D100254
U100255,high,7569.7,4.39,Lucknow,26.8467,80.9462,D100255
U100256,business,25329.95,7.22,Mumbai,19.076,72.8777,D100256
U100257,regular,1301.2,3.31,Hyderabad,17.385,78.4867,D100257
U100258,high,12242.17,4.93,Kolkata,22.5726,88.3639,D100258
U100259,regular,4162.73,1.24,Kolkata,22.5726,88.3639,D100259
U100260,low,631.73,2.07,Chennai,13.0827,80.2707,D100260
U100261,regular,4289.67,3.83,Mumbai,19.076,72.8777,D100261
U100262,regular,2885.91,2.93,Kolkata,22.5726,88.3639,D100262
U100263,low,849.07,1.9,Chandigarh,30.7333,76.7794,D100263
U100264,high,14093.88,2.56,Jaipur,26.9124,75.7873,D100264
U100265,low,340.81,0.86,Lucknow,26.8467,80.9462,D100265
U100266,low,511.32,1.71,Jaipur,26.9124,75.7873,D100266
U100267,regular,3681.94,3.28,Kolkata,22.5726,88.3639,D100267
U100268,regular,3969.08,1.63,Jaipur,26.9124,75.7873,D100268
U100269,regular,4334.77,2.92,Chennai,13.0827,80.2707,D100269
U100270,low,633.48,1.55,Hyderabad,17.385,78.4867,D100270
U100271,high,5993.55,3.9,Kolkata,22.5726,88.3639,D100271
U100272,high,11448.27,1.71,Chennai,13.0827,80.2707,D100272
U100273,low,409.94,2.24,Lucknow,26.8467,80.9462,D100273
U100274,low,490.9,1.89,Delhi,28.6139,77.209,D100274
U100275,low,600.16,2.48,Ahmedabad,23.0225,72.5714,D100275
U100276,low,1046.84,1.74,Ahmedabad,23.0225,72.5714,D100276
U100277,low,1082.73,1.36,Bengaluru,12.9716,77.5946,D100277
U100278,regular,3383.93,1.98,Bengaluru,12.9716,77.5946,D100278
U100279,business,33907.54,6.79,Mumbai,19.076,72.8777,D100279
U100280,regular,1103.12,1.24,Hyderabad,17.385,78.4867,D100280
U100281,regular,1063.12,1.94,Bengaluru,12.9716,77.5946,D100281
U100282,regular,3104.34,3.29,Lucknow,26.8467,80.9462,D100282
U100283,regular,2448.16,2.86,Lucknow,26.8467,80.9462,D100283
U100284,regular,4781.66,1.32,Chandigarh,30.7333,76.7794,D100284
U100285,regular,2832.17,3.9,Delhi,28.6139,77.209,D100285
U100286,business,44655.45,4.56,Mumbai,19.076,72.8777,D100286
U100287,regular,4638.8,1.41,Mumbai,19.076,72.8777,D100287
U100288,low,433.5,1.01,Ahmedabad,23.0225,72.5714,D100288
U100289,regular,3193.43,2.11,Ahmedabad,23.0225,72.5714,D100289
U100290,regular,2814.86,2.9,Mumbai,19.076,72.8777,D100290
U100291,regular,1457.66,3.03,Kolkata,22.5726,88.3639,D100291
U100292,regular,1860.09,2.46,Hyderabad,17.385,78.4867,D100292
U100293,regular,4309.68,2.32,Patna,25.5941,85.1376,D100293
U100294,low,684.09,1.93,Pune,18.5204,73.8567,D100294
U100295,business,39038.74,4.85,Mumbai,19.076,72.8777,D100295
U100296,high,5932.3,1.84,Patna,25.5941,85.1376,D100296
U100297,regular,1520.46,1.37,Kolkata,22.5726,88.3639,D100297
U100298,regular,3680.05,2.35,Chandigarh,30.7333,76.7794,D100298
U100299,high,9229.37,4.71,Delhi,28.6139,77.209,D100299
U100300,business,36014.35,4.11,Ahmedabad,23.0225,72.5714,D100300
U100301,regular,1618.92,2.55,Mumbai,19.076,72.8777,D100301
U100302,regular,3225.06,1.52,Chennai,13.0827,80.2707,D100302
U100303,regular,4228.89,3.57,Ahmedabad,23.0225,72.5714,D100303
U100304,regular,3570.8,1.27,Chandigarh,30.7333,76.7794,D100304
U100305,high,7674.48,2.13,Patna,25.5941,85.1376,D100305
U100306,regular,4686.15,2.18,Bengaluru,12.9716,77.5946,D100306
U100307,high,10663.21,2.9,Bengaluru,12.9716,77.5946,D100307
U100308,regular,4887.24,1.46,Kolkata,22.5726,88.3639,D100308
U100309,low,677.85,1.38,Pune,18.5204,73.8567,D100309
U100310,low,591.94,2.4,Ahmedabad,23.0225,72.5714,D100310
U100311,low,347.35,1.07,Ahmedabad,23.0225,72.5714,D100311
U100312,low,373.42,1.55,Jaipur,26.9124,75.7873,D100312
U100313,regular,2768.18,1.96,Kolkata,22.5726,88.3639,D100313
U100314,low,686.92,1.28,Chandigarh,30.7333,76.7794,D100314
U100315,regular,3107.74,2.06,Hyderabad,17.385,78.4867,D100315
U100316,regular,3397.3,1.22,Chennai,13.0827,80.2707,D100316
U100317,high,12673.5,4.17,Chennai,13.0827,80.2707,D100317
U100318,low,306.96,2.07,Bengaluru,12.9716,77.5946,D100318
U100319,low,779.32,1.19,Kolkata,22.5726,88.3639,D100319
U100320,high,13062.0,1.75,Patna,25.5941,85.1376,D100320
U100321,low,316.87,2.37,Pune,18.5204,73.8567,D100321
U100322,regular,3293.6,3.19,Jaipur,26.9124,75.7873,D100322
U100323,low,664.53,2.44,Bengaluru,12.9716,77.5946,D100323
U100324,high,11181.25,4.41,Pune,18.5204,73.8567,D100324
U100325,low,1060.04,1.21,Ahmedabad,23.0225,72.5714,D100325
U100326,regular,1314.59,3.64,Patna,25.5941,85.1376,D100326
U100327,low,599.76,1.09,Kolkata,22.5726,88.3639,D100327
U100328,regular,3122.42,1.74,Pune,18.5204,73.8567,D100328
U100329,regular,4832.89,3.01,Bengaluru,12.9716,77.5946,D100329
U100330,low,431.8,1.14,Ahmedabad,23.0225,72.5714,D100330
U100331,low,983.24,0.93,Chandigarh,30.7333,76.7794,D100331
U100332,regular,4017.78,3.33,Lucknow,26.8467,80.9462,D100332
U100333,regular,4528.19,3.0,Ahmedabad,23.0225,72.5714,D100333
U100334,low,1173.88,1.34,Lucknow,26.8467,80.9462,D100334
U100335,low,697.99,1.31,Chennai,13.0827,80.2707,D100335
U100336,regular,2407.77,1.41,Lucknow,26.8467,80.9462,D100336
U100337,regular,1227.56,3.53,Mumbai,19.076,72.8777,D100337
U100338,regular,4909.47,1.45,Ahmedabad,23.0225,72.5714,D100338
U100339,regular,2850.85,2.75,Patna,25.5941,85.1376,D100339
U100340,high,9497.34,4.33,Chandigarh,30.7333,76.7794,D100340
U100341,low,844.51,1.65,Delhi,28.6139,77.209,D100341
U100342,regular,4243.87,3.54,Patna,25.5941,85.1376,D100342
U100343,low,881.51,0.87,Patna,25.5941,85.1376,D100343
U100344,regular,2757.69,2.66,Bengaluru,12.9716,77.5946,D100344
U100345,regular,4671.75,2.28,Pune,18.5204,73.8567,D100345
U100346,regular,1209.46,2.97,Pune,18.5204,73.8567,D100346
U100347,low,385.06,1.95,Chennai,13.0827,80.2707,D100347
U100348,low,1066.41,2.44,Ahmedabad,23.0225,72.5714,D100348
U100349,high,8333.62,3.54,Bengaluru,12.9716,77.5946,D100349
U100350,high,8102.32,3.8,Chandigarh,30.7333,76.7794,D100350
U100351,regular,3380.16,3.83,Chennai,13.0827,80.2707,D100351
U100352,regular,3573.97,2.12,Bengaluru,12.9716,77.5946,D100352
U100353,regular,4315.84,3.27,Chandigarh,30.7333,76.7794,D100353
U100354,high,5934.53,3.85,Kolkata,22.5726,88.3639,D100354
U100355,regular,2450.39,1.7,Hyderabad,17.385,78.4867,D100355
U100356,low,989.54,1.13,Bengaluru,12.9716,77.5946,D100356
U100357,low,566.21,2.14,Kolkata,22.5726,88.3639,D100357
U100358,regular,4340.48,3.67,Delhi,28.6139,77.209,D100358
U100359,regular,4505.57,2.93,Ahmedabad,23.0225,72.5714,D100359
U100360,regular,1648.99,3.53,Ahmedabad,23.0225,72.5714,D100360
U100361,high,6655.39,3.03,Jaipur,26.9124,75.7873,D100361
U100362,regular,3878.34,3.91,Ahmedabad,23.0225,72.5714,D100362
U100363,low,973.68,1.56,Kolkata,22.5726,88.3639,D100363
U100364,low,1169.04,2.13,Hyderabad,17.385,78.4867,D100364
U100365,regular,4788.52,3.96,Lucknow,26.8467,80.9462,D100365
U100366,regular,4112.5,2.61,Jaipur,26.9124,75.7873,D100366
U100367,business,43591.19,6.81,Bengaluru,12.9716,77.5946,D100367
U100368,high,5521.8,3.18,Pune,18.5204,73.8567,D100368
U100369,regular,1410.36,3.57,Mumbai,19.076,72.8777,D100369
U100370,low,986.81,1.26,Kolkata,22.5726,88.3639,D100370
U100371,low,693.73,2.41,Hyderabad,17.385,78.4867,D100371
U100372,high,13846.3,4.76,Jaipur,26.9124,75.7873,D100372
U100373,low,751.81,1.2,Mumbai,19.076,72.8777,D100373
U100374,regular,1112.75,3.81,Patna,25.5941,85.1376,D100374
U100375,regular,4165.52,1.59,Chennai,13.0827,80.2707,D100375
U100376,high,9724.55,4.41,Patna,25.5941,85.1376,D100376
U100377,regular,3461.39,3.74,Delhi,28.6139,77.209,D100377
U100378,low,1051.47,1.73,Patna,25.5941,85.1376,D100378
U100379,regular,2693.02,3.37,Hyderabad,17.385,78.4867,D100379
U100380,low,342.97,1.51,Ahmedabad,23.0225,72.5714,D100380
U100381,regular,1443.43,3.73,Ahmedabad,23.0225,72.5714,D100381
U100382,regular,3527.82,2.81,Patna,25.5941,85.1376,D100382
U100383,low,686.32,1.85,Hyderabad,17.385,78.4867,D100383
U100384,regular,1749.26,3.07,Kolkata,22.5726,88.3639,D100384
U100385,business,17368.78,5.16,Kolkata,22.5726,88.3639,D100385
U100386,regular,3030.49,1.26,Lucknow,26.8467,80.9462,D100386
U100387,low,648.19,1.43,Patna,25.5941,85.1376,D100387
U100388,low,1009.67,1.39,Patna,25.5941,85.1376,D100388
U100389,regular,1414.66,2.83,Pune,18.5204,73.8567,D100389
U100390,low,617.07,1.38,Chandigarh,30.7333,76.7794,D100390
U100391,low,1001.23,1.59,Patna,25.5941,85.1376,D100391
U100392,regular,1729.11,1.58,Patna,25.5941,85.1376,D100392
U100393,regular,2830.72,2.02,Delhi,28.6139,77.209,D100393
U100394,regular,4543.16,2.08,Chennai,13.0827,80.2707,D100394
U100395,regular,4956.49,2.72,Chennai,13.0827,80.2707,D100395
U100396,low,882.21,1.29,Delhi,28.6139,77.209,D100396
U100397,high,8319.25,1.94,Pune,18.5204,73.8567,D100397
U100398,regular,2600.09,2.43,Jaipur,26.9124,75.7873,D100398
U100399,low,468.14,1.98,Pune,18.5204,73.8567,D100399
U100400,high,10192.76,4.3,Patna,25.5941,85.1376,D100400
U100401,regular,2722.43,3.99,Bengaluru,12.9716,77.5946,D100401
U100402,regular,2284.85,1.42,Chandigarh,30.7333,76.7794,D100402
U100403,low,701.32,2.02,Bengaluru,12.9716,77.5946,D100403
U100404,regular,2406.19,1.32,Pune,18.5204,73.8567,D100404
U100405,regular,2739.76,2.99,Delhi,28.6139,77.209,D100405
U100406,low,873.76,1.42,Patna,25.5941,85.1376,D100406
U100407,regular,4811.16,1.6,Ahmedabad,23.0225,72.5714,D100407
U100408,regular,2752.69,1.55,Hyderabad,17.385,78.4867,D100408
U100409,regular,2465.31,2.27,Ahmedabad,23.0225,72.5714,D100409
U100410,low,438.09,1.56,Pune,18.5204,73.8567,D100410
U100411,regular,4052.34,2.81,Kolkata,22.5726,88.3639,D100411
U100412,regular,2257.54,1.98,Mumbai,19.076,72.8777,D100412
U100413,low,467.44,1.68,Kolkata,22.5726,88.3639,D100413
U100414,low,997.47,2.0,Hyderabad,17.385,78.4867,D100414
U100415,business,24995.19,7.5,Lucknow,26.8467,80.9462,D100415
U100416,low,422.16,0.93,Bengaluru,12.9716,77.5946,D100416
U100417,high,9451.11,1.81,Chandigarh,30.7333,76.7794,D100417
U100418,business,49530.11,6.01,Patna,25.5941,85.1376,D100418
U100419,low,787.95,2.32,Bengaluru,12.9716,77.5946,D100419
U100420,regular,4709.3,2.99,Pune,18.5204,73.8567,D100420
U100421,regular,1485.45,1.76,Bengaluru,12.9716,77.5946,D100421
U100422,low,744.62,1.41,Ahmedabad,23.0225,72.5714,D100422
U100423,regular,4214.65,2.74,Ahmedabad,23.0225,72.5714,D100423
U100424,high,5657.48,2.89,Patna,25.5941,85.1376,D100424
U100425,regular,3102.78,3.35,Ahmedabad,23.0225,72.5714,D100425
U100426,low,1175.14,1.89,Lucknow,26.8467,80.9462,D100426
U100427,regular,3069.44,1.56,Kolkata,22.5726,88.3639,D100427
U100428,regular,1727.85,3.91,Jaipur,26.9124,75.7873,D100428
U100429,regular,4472.85,3.53,Kolkata,22.5726,88.3639,D100429
U100430,low,448.19,1.35,Patna,25.5941,85.1376,D100430
U100431,low,1152.73,1.68,Chennai,13.0827,80.2707,D100431
U100432,high,7506.05,3.72,Kolkata,22.5726,88.3639,D100432
U100433,low,862.52,1.84,Mumbai,19.076,72.8777,D100433
U100434,regular,1674.54,3.84,Bengaluru,12.9716,77.5946,D100434
U100435,low,862.03,2.33,Pune,18.5204,73.8567,D100435
U100436,high,10636.18,4.39,Delhi,28.6139,77.209,D100436
U100437,low,1153.69,2.11,Chennai,13.0827,80.2707,D100437
U100438,regular,4067.84,2.37,Chandigarh,30.7333,76.7794,D100438
U100439,low,1100.1,1.73,Chandigarh,30.7333,76.7794,D100439
U100440,business,31903.07,6.83,Chandigarh,30.7333,76.7794,D100440
U100441,regular,2814.18,3.13,Bengaluru,12.9716,77.5946,D100441
U100442,regular,2937.0,1.77,Ahmedabad,23.0225,72.5714,D100442
U100443,low,1075.34,1.34,Pune,18.5204,73.8567,D100443
U100444,business,19576.82,4.22,Kolkata,22.5726,88.3639,D100444
U100445,low,517.56,1.01,Lucknow,26.8467,80.9462,D100445
U100446,low,387.13,1.29,Jaipur,26.9124,75.7873,D100446
U100447,high,9181.35,4.87,Bengaluru,12.9716,77.5946,D100447
U100448,high,14337.52,4.02,Hyderabad,17.385,78.4867,D100448
U100449,regular,2993.06,2.64,Lucknow,26.8467,80.9462,D100449
U100450,high,9973.7,1.82,Jaipur,26.9124,75.7873,D100450
U100451,regular,4866.75,1.8,Pune,18.5204,73.8567,D100451
U100452,low,553.22,1.82,Chandigarh,30.7333,76.7794,D100452
U100453,regular,2142.99,1.22,Mumbai,19.076,72.8777,D100453
U100454,regular,4529.82,3.24,Jaipur,26.9124,75.7873,D100454
U100455,regular,2602.33,2.8,Hyderabad,17.385,78.4867,D100455
U100456,regular,2154.41,2.28,Lucknow,26.8467,80.9462,D100456
U100457,regular,2118.88,3.97,Chandigarh,30.7333,76.7794,D100457
U100458,regular,1514.65,1.47,Pune,18.5204,73.8567,D100458
U100459,regular,2356.34,3.83,Bengaluru,12.9716,77.5946,D100459
U100460,low,758.21,1.65,Delhi,28.6139,77.209,D100460
U100461,low,942.23,2.17,Kolkata,22.5726,88.3639,D100461
U100462,regular,3425.04,2.64,Pune,18.5204,73.8567,D100462
U100463,high,8185.3,2.88,Ahmedabad,23.0225,72.5714,D100463
U100464,regular,2196.94,2.14,Kolkata,22.5726,88.3639,D100464
U100465,regular,3834.96,2.04,Delhi,28.6139,77.209,D100465
U100466,regular,3695.23,3.94,Ahmedabad,23.0225,72.5714,D100466
U100467,low,1108.89,2.28,Chandigarh,30.7333,76.7794,D100467
U100468,low,727.13,2.44,Ahmedabad,23.0225,72.5714,D100468
U100469,regular,3885.6,2.83,Bengaluru,12.9716,77.5946,D100469
U100470,regular,3884.73,3.37,Jaipur,26.9124,75.7873,D100470
U100471,low,912.65,0.85,Patna,25.5941,85.1376,D100471
U100472,low,317.04,1.33,Bengaluru,12.9716,77.5946,D100472
U100473,regular,1815.57,2.61,Ahmedabad,23.0225,72.5714,D100473
U100474,high,13728.18,4.08,Delhi,28.6139,77.209,D100474
U100475,regular,3074.73,2.77,Chandigarh,30.7333,76.7794,D100475
U100476,regular,2507.3,3.88,Lucknow,26.8467,80.9462,D100476
U100477,high,8423.27,2.74,Patna,25.5941,85.1376,D100477
U100478,regular,4214.61,1.94,Lucknow,26.8467,80.9462,D100478
U100479,low,521.87,1.75,Hyderabad,17.385,78.4867,D100479
U100480,high,14822.6,4.2,Patna,25.5941,85.1376,D100480
U100481,low,934.49,1.34,Pune,18.5204,73.8567,D100481
U100482,regular,4737.94,3.22,Chennai,13.0827,80.2707,D100482
U100483,low,908.96,1.45,Jaipur,26.9124,75.7873,D100483
U100484,high,14546.09,4.32,Chennai,13.0827,80.2707,D100484
U100485,low,1159.78,0.93,Lucknow,26.8467,80.9462,D100485
U100486,regular,3989.35,1.8,Kolkata,22.5726,88.3639,D100486
U100487,low,805.82,1.26,Mumbai,19.076,72.8777,D100487
U100488,regular,3347.32,1.88,Chandigarh,30.7333,76.7794,D100488
U100489,high,7256.72,2.31,Mumbai,19.076,72.8777,D100489
U100490,regular,3869.43,1.48,Bengaluru,12.9716,77.5946,D100490
U100491,low,795.32,2.38,Jaipur,26.9124,75.7873,D100491
U100492,regular,4522.59,2.53,Chandigarh,30.7333,76.7794,D100492
U100493,low,1167.52,1.35,Chandigarh,30.7333,76.7794,D100493
U100494,low,991.85,1.91,Hyderabad,17.385,78.4867,D100494
U100495,regular,3892.47,3.82,Bengaluru,12.9716,77.5946,D100495
U100496,regular,4350.42,3.81,Delhi,28.6139,77.209,D100496
U100497,business,28894.81,4.97,Patna,25.5941,85.1376,D100497
U100498,business,47411.39,7.26,Delhi,28.6139,77.209,D100498
U100499,low,842.5,2.38,Pune,18.5204,73.8567,D100499
U100500,low,1190.19,1.72,Lucknow,26.8467,80.9462,D100500
U100501,high,6342.0,3.26,Chennai,13.0827,80.2707,D100501
U100502,low,401.38,1.08,Lucknow,26.8467,80.9462,D100502
U100503,regular,3874.39,1.24,Pune,18.5204,73.8567,D100503
U100504,regular,3271.12,3.32,Bengaluru,12.9716,77.5946,D100504
U100505,regular,3554.9,2.34,Jaipur,26.9124,75.7873,D100505
U100506,regular,1346.95,3.07,Bengaluru,12.9716,77.5946,D100506
U100507,business,31710.89,7.61,Delhi,28.6139,77.209,D100507
U100508,low,511.97,2.08,Pune,18.5204,73.8567,D100508
U100509,low,950.59,0.82,Chandigarh,30.7333,76.7794,D100509
U100510,regular,1945.21,3.07,Lucknow,26.8467,80.9462,D100510
U100511,low,664.87,1.65,Patna,25.5941,85.1376,D100511
U100512,regular,3761.16,2.99,Chennai,13.0827,80.2707,D100512
U100513,regular,1883.4,3.88,Lucknow,26.8467,80.9462,D100513
U100514,low,972.96,1.83,Jaipur,26.9124,75.7873,D100514
U100515,regular,4651.19,3.32,Chandigarh,30.7333,76.7794,D100515
U100516,high,12618.6,3.88,Ahmedabad,23.0225,72.5714,D100516
U100517,high,5818.7,3.06,Patna,25.5941,85.1376,D100517
U100518,regular,4668.98,1.51,Kolkata,22.5726,88.3639,D100518
U100519,high,7021.57,3.38,Bengaluru,12.9716,77.5946,D100519
U100520,low,768.31,1.0,Hyderabad,17.385,78.4867,D100520
U100521,regular,2955.31,3.72,Lucknow,26.8467,80.9462,D100521
U100522,high,9534.32,3.3,Lucknow,26.8467,80.9462,D100522
U100523,regular,3235.19,3.08,Chennai,13.0827,80.2707,D100523
U100524,regular,2583.79,3.49,Patna,25.5941,85.1376,D100524
U100525,low,365.73,1.52,Patna,25.5941,85.1376,D100525
U100526,low,1194.71,2.39,Mumbai,19.076,72.8777,D100526
U100527,business,31522.49,3.72,Bengaluru,12.9716,77.5946,D100527
U100528,regular,4063.31,3.94,Chandigarh,30.7333,76.7794,D100528
U100529,business,28106.13,7.35,Lucknow,26.8467,80.9462,D100529
U100530,high,14067.67,2.81,Chandigarh,30.7333,76.7794,D100530
U100531,business,45609.38,2.8,Pune,18.5204,73.8567,D100531
U100532,low,1193.56,1.47,Bengaluru,12.9716,77.5946,D100532
U100533,regular,1890.76,1.21,Delhi,28.6139,77.209,D100533
U100534,business,31205.14,6.31,Jaipur,26.9124,75.7873,D100534
U100535,regular,4293.44,1.89,Pune,18.5204,73.8567,D100535
U100536,low,469.63,2.29,Mumbai,19.076,72.8777,D100536
U100537,low,894.18,1.85,Delhi,28.6139,77.209,D100537
U100538,low,360.56,1.81,Lucknow,26.8467,80.9462,D100538
U100539,regular,3813.15,1.34,Patna,25.5941,85.1376,D100539
U100540,low,695.07,1.72,Delhi,28.6139,77.209,D100540
U100541,low,1194.14,1.2,Patna,25.5941,85.1376,D100541
U100542,regular,3309.9,3.36,Pune,18.5204,73.8567,D100542
U100543,low,1088.63,2.48,Kolkata,22.5726,88.3639,D100543
U100544,low,570.45,0.9,Ahmedabad,23.0225,72.5714,D100544
U100545,high,14115.78,3.69,Jaipur,26.9124,75.7873,D100545
U100546,regular,1187.54,2.16,Chandigarh,30.7333,76.7794,D100546
U100547,regular,4143.22,2.09,Jaipur,26.9124,75.7873,D100547
U100548,regular,2199.55,1.71,Kolkata,22.5726,88.3639,D100548
U100549,regular,4397.36,2.04,Patna,25.5941,85.1376,D100549
U100550,low,716.72,0.9,Jaipur,26.9124,75.7873,D100550
U100551,business,34505.04,2.8,Hyderabad,17.385,78.4867,D100551
U100552,low,597.24,0.93,Lucknow,26.8467,80.9462,D100552
U100553,high,5924.64,4.04,Hyderabad,17.385,78.4867,D100553
U100554,low,639.45,1.83,Delhi,28.6139,77.209,D100554
U100555,high,6881.63,4.17,Patna,25.5941,85.1376,D100555
U100556,regular,1868.07,1.78,Pune,18.5204,73.8567,D100556
U100557,low,1118.09,1.16,Hyderabad,17.385,78.4867,D100557
U100558,business,19106.07,8.0,Lucknow,26.8467,80.9462,D100558
U100559,high,11956.26,3.96,Jaipur,26.9124,75.7873,D100559
U100560,high,10520.79,4.21,Jaipur,26.9124,75.7873,D100560
U100561,regular,3594.89,2.06,Pune,18.5204,73.8567,D100561
U100562,regular,2989.11,1.48,Patna,25.5941,85.1376,D100562
U100563,regular,4358.92,3.76,Pune,18.5204,73.8567,D100563
U100564,low,341.14,2.27,Patna,25.5941,85.1376,D100564
U100565,low,534.7,2.39,Ahmedabad,23.0225,72.5714,D100565
U100566,regular,2180.77,1.75,Hyderabad,17.385,78.4867,D100566
U100567,regular,4333.45,2.6,Chandigarh,30.7333,76.7794,D100567
U100568,high,8375.64,4.17,Lucknow,26.8467,80.9462,D100568
U100569,business,37459.31,4.94,Bengaluru,12.9716,77.5946,D100569
U100570,regular,2408.7,1.59,Kolkata,22.5726,88.3639,D100570
U100571,regular,4667.6,2.72,Chandigarh,30.7333,76.7794,D100571
U100572,business,33338.05,7.03,Mumbai,19.076,72.8777,D100572
U100573,high,11682.16,4.18,Jaipur,26.9124,75.7873,D100573
U100574,low,867.63,0.92,Bengaluru,12.9716,77.5946,D100574
U100575,low,755.16,1.43,Ahmedabad,23.0225,72.5714,D100575
U100576,regular,4735.61,3.76,Chandigarh,30.7333,76.7794,D100576
U100577,regular,1026.45,2.74,Delhi,28.6139,77.209,D100577
U100578,low,949.97,1.71,Chennai,13.0827,80.2707,D100578
U100579,low,1031.84,1.95,Bengaluru,12.9716,77.5946,D100579
U100580,low,386.68,1.05,Hyderabad,17.385,78.4867,D100580
U100581,regular,2009.67,2.19,Jaipur,26.9124,75.7873,D100581
U100582,low,1163.37,1.58,Hyderabad,17.385,78.4867,D100582
U100583,business,22905.0,6.1,Mumbai,19.076,72.8777,D100583
U100584,regular,4432.88,3.33,Mumbai,19.076,72.8777,D100584
U100585,regular,2508.68,2.53,Chandigarh,30.7333,76.7794,D100585
U100586,low,454.25,1.65,Jaipur,26.9124,75.7873,D100586
U100587,regular,2325.08,3.94,Mumbai,19.076,72.8777,D100587
U100588,high,14191.52,2.3,Patna,25.5941,85.1376,D100588
U100589,high,9755.0,1.66,Mumbai,19.076,72.8777,D100589
U100590,regular,2121.49,2.72,Chandigarh,30.7333,76.7794,D100590
U100591,low,1135.89,1.33,Hyderabad,17.385,78.4867,D100591
U100592,regular,4009.02,3.2,Jaipur,26.9124,75.7873,D100592
U100593,high,7992.77,3.47,Ahmedabad,23.0225,72.5714,D100593
U100594,high,8891.57,4.64,Pune,18.5204,73.8567,D100594
U100595,regular,3958.98,3.41,Patna,25.5941,85.1376,D100595
U100596,regular,3003.17,3.93,Delhi,28.6139,77.209,D100596
U100597,low,508.93,0.93,Ahmedabad,23.0225,72.5714,D100597
U100598,regular,4819.43,2.31,Pune,18.5204,73.8567,D100598
U100599,low,545.99,2.49,Lucknow,26.8467,80.9462,D100599
U100600,low,797.73,1.44,Bengaluru,12.9716,77.5946,D100600
U100601,regular,3642.69,1.44,Ahmedabad,23.0225,72.5714,D100601
U100602,low,521.8,0.92,Chennai,13.0827,80.2707,D100602
U100603,low,940.51,1.88,Patna,25.5941,85.1376,D100603
U100604,regular,2442.8,1.46,Chennai,13.0827,80.2707,D100604
U100605,regular,4045.39,1.49,Mumbai,19.076,72.8777,D100605
U100606,low,703.96,1.74,Jaipur,26.9124,75.7873,D100606
U100607,low,380.66,1.74,Ahmedabad,23.0225,72.5714,D100607
U100608,regular,2297.72,2.28,Chennai,13.0827,80.2707,D100608
U100609,regular,4116.68,3.23,Kolkata,22.5726,88.3639,D100609
U100610,high,14781.73,3.5,Bengaluru,12.9716,77.5946,D100610
U100611,regular,1678.01,1.95,Chennai,13.0827,80.2707,D100611
U100612,regular,1253.07,2.42,Jaipur,26.9124,75.7873,D100612
U100613,low,1004.4,1.41,Hyderabad,17.385,78.4867,D100613
U100614,regular,2983.21,2.93,Lucknow,26.8467,80.9462,D100614
U100615,low,574.19,2.41,Pune,18.5204,73.8567,D100615
U100616,high,8798.9,4.52,Lucknow,26.8467,80.9462,D100616
U100617,low,1033.93,2.26,Ahmedabad,23.0225,72.5714,D100617
U100618,low,588.6,2.41,Hyderabad,17.385,78.4867,D100618
U100619,regular,1710.55,2.32,Pune,18.5204,73.8567,D100619
U100620,low,925.46,1.63,Ahmedabad,23.0225,72.5714,D100620
U100621,regular,2303.54,1.98,Jaipur,26.9124,75.7873,D100621
U100622,regular,4728.27,1.76,Kolkata,22.5726,88.3639,D100622
U100623,low,990.86,0.85,Patna,25.5941,85.1376,D100623
U100624,regular,3833.47,2.43,Chennai,13.0827,80.2707,D100624
U100625,high,5691.59,4.47,Jaipur,26.9124,75.7873,D100625
U100626,regular,1556.72,2.05,Chennai,13.0827,80.2707,D100626
U100627,regular,3860.95,3.41,Mumbai,19.076,72.8777,D100627
U100628,regular,3391.74,2.83,Kolkata,22.5726,88.3639,D100628
U100629,regular,4681.57,3.14,Kolkata,22.5726,88.3639,D100629
U100630,low,1171.59,1.99,Kolkata,22.5726,88.3639,D100630
U100631,regular,4657.6,1.51,Hyderabad,17.385,78.4867,D100631
U100632,regular,2420.04,3.01,Delhi,28.6139,77.209,D100632
U100633,regular,3580.12,3.01,Pune,18.5204,73.8567,D100633
U100634,business,30065.94,2.06,Chennai,13.0827,80.2707,D100634
U100635,low,972.17,1.75,Patna,25.5941,85.1376,D100635
U100636,regular,2783.11,2.3,Chandigarh,30.7333,76.7794,D100636
U100637,regular,3001.86,2.17,Delhi,28.6139,77.209,D100637
U100638,regular,2181.73,3.78,Mumbai,19.076,72.8777,D100638
U100639,low,1146.61,1.04,Chennai,13.0827,80.2707,D100639
U100640,low,1005.84,1.69,Pune,18.5204,73.8567,D100640
U100641,regular,2752.66,3.15,Pune,18.5204,73.8567,D100641
U100642,low,340.21,2.01,Delhi,28.6139,77.209,D100642
U100643,high,11479.7,3.87,Bengaluru,12.9716,77.5946,D100643
U100644,high,12404.89,3.31,Kolkata,22.5726,88.3639,D100644
U100645,low,803.86,2.43,Hyderabad,17.385,78.4867,D100645
U100646,regular,3519.04,1.72,Chandigarh,30.7333,76.7794,D100646
U100647,regular,1116.77,2.92,Hyderabad,17.385,78.4867,D100647
U100648,regular,2718.21,1.21,Hyderabad,17.385,78.4867,D100648
U100649,low,977.09,2.17,Mumbai,19.076,72.8777,D100649
U100650,regular,4198.01,2.7,Pune,18.5204,73.8567,D100650
U100651,low,711.8,1.25,Lucknow,26.8467,80.9462,D100651
U100652,regular,3556.43,2.87,Ahmedabad,23.0225,72.5714,D100652
U100653,regular,1456.93,2.19,Lucknow,26.8467,80.9462,D100653
U100654,regular,4254.95,3.18,Chennai,13.0827,80.2707,D100654
U100655,high,10901.68,3.85,Pune,18.5204,73.8567,D100655
U100656,low,574.84,1.11,Patna,25.5941,85.1376,D100656
U100657,low,649.62,1.81,Ahmedabad,23.0225,72.5714,D100657
U100658,regular,1743.01,2.98,Patna,25.5941,85.1376,D100658
U100659,high,14306.95,2.11,Bengaluru,12.9716,77.5946,D100659
U100660,regular,1561.19,2.08,Lucknow,26.8467,80.9462,D100660
U100661,regular,4462.09,3.87,Lucknow,26.8467,80.9462,D100661
U100662,low,1033.69,2.44,Kolkata,22.5726,88.3639,D100662
U100663,regular,2636.54,2.58,Patna,25.5941,85.1376,D100663
U100664,high,9887.0,1.79,Delhi,28.6139,77.209,D100664
U100665,regular,1882.12,1.29,Hyderabad,17.385,78.4867,D100665
U100666,regular,1672.84,2.48,Patna,25.5941,85.1376,D100666
U100667,regular,2981.25,2.63,Ahmedabad,23.0225,72.5714,D100667
U100668,low,997.6,2.2,Pune,18.5204,73.8567,D100668
U100669,regular,4027.14,3.33,Lucknow,26.8467,80.9462,D100669
U100670,regular,4959.1,1.49,Chandigarh,30.7333,76.7794,D100670
U100671,regular,2190.84,4.0,Lucknow,26.8467,80.9462,D100671
U100672,low,1075.98,0.95,Mumbai,19.076,72.8777,D100672
U100673,regular,1947.78,3.47,Ahmedabad,23.0225,72.5714,D100673
U100674,regular,4444.19,2.91,Jaipur,26.9124,75.7873,D100674
U100675,low,425.31,1.15,Hyderabad,17.385,78.4867,D100675
U100676,high,10700.74,3.36,Ahmedabad,23.0225,72.5714,D100676
U100677,regular,2294.61,3.17,Chennai,13.0827,80.2707,D100677
U100678,regular,4809.59,2.64,Chandigarh,30.7333,76.7794,D100678
U100679,high,6355.89,4.13,Jaipur,26.9124,75.7873,D100679
U100680,high,14924.86,4.53,Bengaluru,12.9716,77.5946,D100680
U100681,regular,1530.76,1.61,Pune,18.5204,73.8567,D100681
U100682,high,12614.74,3.87,Lucknow,26.8467,80.9462,D100682
U100683,low,869.16,1.87,Jaipur,26.9124,75.7873,D100683
U100684,regular,3534.51,3.66,Mumbai,19.076,72.8777,D100684
U100685,regular,3999.21,3.15,Pune,18.5204,73.8567,D100685
U100686,regular,2952.18,2.83,Patna,25.5941,85.1376,D100686
U100687,low,1174.94,1.88,Patna,25.5941,85.1376,D100687
U100688,regular,1253.32,2.7,Hyderabad,17.385,78.4867,D100688
U100689,business,43869.67,4.97,Pune,18.5204,73.8567,D100689
U100690,high,8377.55,3.52,Ahmedabad,23.0225,72.5714,D100690
U100691,high,12883.04,4.63,Delhi,28.6139,77.209,D100691
U100692,low,863.56,2.22,Delhi,28.6139,77.209,D100692
U100693,low,1071.89,1.55,Delhi,28.6139,77.209,D100693
U100694,business,29972.98,7.97,Bengaluru,12.9716,77.5946,D100694
U100695,high,8018.66,4.56,Chennai,13.0827,80.2707,D100695
U100696,low,624.39,0.94,Chandigarh,30.7333,76.7794,D100696
U100697,high,6655.25,2.89,Chennai,13.0827,80.2707,D100697
U100698,regular,4020.93,2.4,Mumbai,19.076,72.8777,D100698
U100699,regular,1004.35,2.54,Bengaluru,12.9716,77.5946,D100699
U100700,regular,3077.78,2.45,Delhi,28.6139,77.209,D100700
U100701,regular,4268.44,3.97,Jaipur,26.9124,75.7873,D100701
U100702,regular,2910.8,1.84,Mumbai,19.076,72.8777,D100702
U100703,regular,1409.71,2.08,Chennai,13.0827,80.2707,D100703
U100704,low,996.11,2.08,Bengaluru,12.9716,77.5946,D100704
U100705,regular,3708.55,1.39,Ahmedabad,23.0225,72.5714,D100705
U100706,low,885.02,1.55,Patna,25.5941,85.1376,D100706
U100707,low,973.44,2.36,Ahmedabad,23.0225,72.5714,D100707
U100708,regular,4439.85,1.44,Mumbai,19.076,72.8777,D100708
U100709,low,410.84,2.04,Pune,18.5204,73.8567,D100709
U100710,business,26007.63,2.84,Chennai,13.0827,80.2707,D100710
U100711,regular,1992.67,2.88,Patna,25.5941,85.1376,D100711
U100712,regular,4115.88,3.13,Chandigarh,30.7333,76.7794,D100712
U100713,high,7054.46,3.62,Hyderabad,17.385,78.4867,D100713
U100714,regular,2182.17,1.35,Hyderabad,17.385,78.4867,D100714
U100715,regular,1450.97,2.6,Ahmedabad,23.0225,72.5714,D100715
U100716,low,1099.85,0.82,Pune,18.5204,73.8567,D100716
U100717,high,6319.83,4.51,Ahmedabad,23.0225,72.5714,D100717
U100718,regular,3185.42,1.68,Lucknow,26.8467,80.9462,D100718
U100719,business,41962.85,2.1,Mumbai,19.076,72.8777,D100719
U100720,low,494.17,2.37,Jaipur,26.9124,75.7873,D100720
U100721,regular,3514.28,2.6,Jaipur,26.9124,75.7873,D100721
U100722,regular,2609.11,2.99,Kolkata,22.5726,88.3639,D100722
U100723,regular,2109.87,2.07,Kolkata,22.5726,88.3639,D100723
U100724,high,14743.13,2.04,Pune,18.5204,73.8567,D100724
U100725,regular,3537.18,3.54,Chandigarh,30.7333,76.7794,D100725
U100726,regular,2240.68,2.42,Hyderabad,17.385,78.4867,D100726
U100727,low,377.59,1.54,Lucknow,26.8467,80.9462,D100727
U100728,regular,1220.11,3.07,Chandigarh,30.7333,76.7794,D100728
U100729,regular,1477.77,3.18,Patna,25.5941,85.1376,D100729
U100730,low,746.77,1.39,Kolkata,22.5726,88.3639,D100730
U100731,regular,3883.06,1.67,Bengaluru,12.9716,77.5946,D100731
U100732,regular,4493.84,3.25,Mumbai,19.076,72.8777,D100732
U100733,regular,1117.43,3.46,Chennai,13.0827,80.2707,D100733
U100734,regular,2051.8,3.93,Chandigarh,30.7333,76.7794,D100734
U100735,low,709.68,1.41,Lucknow,26.8467,80.9462,D100735
U100736,high,6668.81,2.05,Mumbai,19.076,72.8777,D100736
U100737,high,11741.2,1.9,Patna,25.5941,85.1376,D100737
U100738,regular,1176.15,3.62,Hyderabad,17.385,78.4867,D100738
U100739,low,627.58,2.36,Bengaluru,12.9716,77.5946,D100739
U100740,high,13574.85,3.44,Patna,25.5941,85.1376,D100740
U100741,regular,2677.48,2.1,Jaipur,26.9124,75.7873,D100741
U100742,high,8199.35,4.39,Ahmedabad,23.0225,72.5714,D100742
U100743,regular,3008.16,3.73,Bengaluru,12.9716,77.5946,D100743
U100744,low,764.2,0.88,Jaipur,26.9124,75.7873,D100744
U100745,low,718.58,1.28,Chennai,13.0827,80.2707,D100745
U100746,low,797.78,0.81,Hyderabad,17.385,78.4867,D100746
U100747,low,1006.06,2.06,Hyderabad,17.385,78.4867,D100747
U100748,regular,3366.76,2.58,Hyderabad,17.385,78.4867,D100748
U100749,regular,3186.24,3.43,Bengaluru,12.9716,77.5946,D100749
U100750,low,669.03,1.2,Pune,18.5204,73.8567,D100750
U100751,regular,3773.84,1.23,Pune,18.5204,73.8567,D100751
U100752,low,891.57,2.24,Patna,25.5941,85.1376,D100752
U100753,low,484.67,2.47,Jaipur,26.9124,75.7873,D100753
U100754,regular,1239.58,3.99,Patna,25.5941,85.1376,D100754
U100755,low,339.51,1.19,Kolkata,22.5726,88.3639,D100755
U100756,regular,4582.31,2.48,Patna,25.5941,85.1376,D100756
U100757,low,386.02,1.03,Jaipur,26.9124,75.7873,D100757
U100758,low,811.04,1.54,Bengaluru,12.9716,77.5946,D100758
U100759,low,534.89,1.34,Jaipur,26.9124,75.7873,D100759
U100760,regular,3941.41,2.09,Chennai,13.0827,80.2707,D100760
U100761,low,1149.2,1.03,Ahmedabad,23.0225,72.5714,D100761
U100762,low,395.09,1.56,Pune,18.5204,73.8567,D100762
U100763,regular,3143.7,3.9,Hyderabad,17.385,78.4867,D100763
U100764,regular,2853.39,3.59,Mumbai,19.076,72.8777,D100764
U100765,low,917.45,2.2,Patna,25.5941,85.1376,D100765
U100766,regular,1860.08,3.6,Bengaluru,12.9716,77.5946,D100766
U100767,low,523.4,1.4,Kolkata,22.5726,88.3639,D100767
U100768,low,568.96,2.19,Bengaluru,12.9716,77.5946,D100768
U100769,low,663.95,1.57,Patna,25.5941,85.1376,D100769
U100770,regular,1378.9,1.49,Bengaluru,12.9716,77.5946,D100770
U100771,low,355.5,2.13,Hyderabad,17.385,78.4867,D100771
U100772,low,1041.31,1.43,Chandigarh,30.7333,76.7794,D100772
U100773,high,5840.39,3.55,Mumbai,19.076,72.8777,D100773
U100774,low,358.02,2.33,Lucknow,26.8467,80.9462,D100774
U100775,high,5919.79,4.47,Pune,18.5204,73.8567,D100775
U100776,low,1148.05,0.89,Ahmedabad,23.0225,72.5714,D100776
U100777,regular,3897.72,2.59,Jaipur,26.9124,75.7873,D100777
U100778,regular,1691.23,1.8,Bengaluru,12.9716,77.5946,D100778
U100779,low,701.41,1.05,Ahmedabad,23.0225,72.5714,D100779
U100780,regular,1983.14,2.03,Jaipur,26.9124,75.7873,D100780
U100781,high,9790.31,1.81,Jaipur,26.9124,75.7873,D100781
U100782,low,479.51,2.3,Kolkata,22.5726,88.3639,D100782
U100783,low,1194.68,1.72,Delhi,28.6139,77.209,D100783
U100784,business,42367.05,4.15,Kolkata,22.5726,88.3639,D100784
U100785,regular,2376.14,2.78,Pune,18.5204,73.8567,D100785
U100786,regular,1719.26,2.09,Hyderabad,17.385,78.4867,D100786
U100787,low,1029.62,1.28,Lucknow,26.8467,80.9462,D100787
U100788,regular,4067.37,4.0,Bengaluru,12.9716,77.5946,D100788
U100789,low,891.18,1.25,Patna,25.5941,85.1376,D100789
U100790,low,1196.75,1.17,Jaipur,26.9124,75.7873,D100790
U100791,regular,4356.89,3.57,Bengaluru,12.9716,77.5946,D100791
U100792,low,586.2,2.05,Pune,18.5204,73.8567,D100792
U100793,high,5282.07,3.95,Ahmedabad,23.0225,72.5714,D100793
U100794,regular,3252.44,1.73,Lucknow,26.8467,80.9462,D100794
U100795,regular,1702.23,1.31,Delhi,28.6139,77.209,D100795
U100796,low,496.93,1.69,Delhi,28.6139,77.209,D100796
U100797,low,852.72,2.17,Pune,18.5204,73.8567,D100797
U100798,regular,4675.12,3.56,Pune,18.5204,73.8567,D100798
U100799,low,432.94,2.0,Bengaluru,12.9716,77.5946,D100799
U100800,regular,4385.92,3.61,Mumbai,19.076,72.8777,D100800
U100801,regular,4767.69,2.31,Mumbai,19.076,72.8777,D100801
U100802,low,590.34,2.46,Patna,25.5941,85.1376,D100802
U100803,high,12918.43,4.86,Chandigarh,30.7333,76.7794,D100803
U100804,low,936.46,1.76,Ahmedabad,23.0225,72.5714,D100804
U100805,regular,1892.95,2.85,Bengaluru,12.9716,77.5946,D100805
U100806,regular,3935.98,2.02,Bengaluru,12.9716,77.5946,D100806
U100807,regular,4795.15,3.86,Jaipur,26.9124,75.7873,D100807
U100808,high,12708.3,3.49,Bengaluru,12.9716,77.5946,D100808
U100809,regular,4684.15,3.91,Hyderabad,17.385,78.4867,D100809
U100810,regular,1416.44,2.59,Pune,18.5204,73.8567,D100810
U100811,regular,1951.98,3.95,Bengaluru,12.9716,77.5946,D100811
U100812,regular,4852.32,3.5,Chandigarh,30.7333,76.7794,D100812
U100813,regular,4546.61,2.45,Chennai,13.0827,80.2707,D100813
U100814,low,923.86,1.4,Mumbai,19.076,72.8777,D100814
U100815,regular,1192.59,2.43,Jaipur,26.9124,75.7873,D100815
U100816,business,45959.32,4.96,Jaipur,26.9124,75.7873,D100816
U100817,regular,2501.39,3.52,Ahmedabad,23.0225,72.5714,D100817
U100818,regular,3748.64,1.66,Mumbai,19.076,72.8777,D100818
U100819,regular,1133.65,1.26,Chennai,13.0827,80.2707,D100819
U100820,business,17597.01,3.02,Jaipur,26.9124,75.7873,D100820
U100821,low,367.5,2.4,Mumbai,19.076,72.8777,D100821
U100822,low,1186.75,2.32,Patna,25.5941,85.1376,D100822
U100823,low,1148.2,1.08,Jaipur,26.9124,75.7873,D100823
U100824,low,391.13,1.15,Hyderabad,17.385,78.4867,D100824
U100825,regular,3216.45,3.79,Kolkata,22.5726,88.3639,D100825
U100826,low,553.37,1.2,Delhi,28.6139,77.209,D100826
U100827,regular,3198.65,2.57,Delhi,28.6139,77.209,D100827
U100828,regular,2710.42,2.02,Chandigarh,30.7333,76.7794,D100828
U100829,regular,2921.31,1.47,Hyderabad,17.385,78.4867,D100829
U100830,low,562.63,0.94,Mumbai,19.076,72.8777,D100830
U100831,low,657.72,1.63,Chandigarh,30.7333,76.7794,D100831
U100832,low,877.68,1.46,Pune,18.5204,73.8567,D100832
U100833,high,8694.02,3.06,Chennai,13.0827,80.2707,D100833
U100834,regular,2053.6,3.54,Ahmedabad,23.0225,72.5714,D100834
U100835,low,977.01,1.93,Mumbai,19.076,72.8777,D100835
U100836,regular,4232.72,2.36,Ahmedabad,23.0225,72.5714,D100836
U100837,low,354.89,1.46,Kolkata,22.5726,88.3639,D100837
U100838,regular,3142.06,3.63,Lucknow,26.8467,80.9462,D100838
U100839,regular,1942.57,2.04,Jaipur,26.9124,75.7873,D100839
U100840,high,12143.06,3.26,Kolkata,22.5726,88.3639,D100840
U100841,high,11775.35,3.67,Mumbai,19.076,72.8777,D100841
U100842,high,9490.4,4.82,Bengaluru,12.9716,77.5946,D100842
U100843,business,43296.13,2.76,Jaipur,26.9124,75.7873,D100843
U100844,low,914.81,1.14,Chandigarh,30.7333,76.7794,D100844
U100845,low,835.54,1.34,Patna,25.5941,85.1376,D100845
U100846,high,5670.12,2.86,Jaipur,26.9124,75.7873,D100846
U100847,regular,4426.5,2.66,Delhi,28.6139,77.209,D100847
U100848,regular,3492.23,2.66,Jaipur,26.9124,75.7873,D100848
U100849,low,434.68,1.76,Ahmedabad,23.0225,72.5714,D100849
U100850,regular,4758.6,3.79,Ahmedabad,23.0225,72.5714,D100850
U100851,regular,4142.98,3.63,Pune,18.5204,73.8567,D100851
U100852,high,7641.37,3.79,Ahmedabad,23.0225,72.5714,D100852
U100853,regular,1149.86,1.97,Bengaluru,12.9716,77.5946,D100853
U100854,regular,3723.25,2.32,Jaipur,26.9124,75.7873,D100854
U100855,high,8314.94,2.33,Patna,25.5941,85.1376,D100855
U100856,regular,2074.34,2.24,Pune,18.5204,73.8567,D100856
U100857,high,8030.55,2.48,Lucknow,26.8467,80.9462,D100857
U100858,high,11848.52,4.9,Hyderabad,17.385,78.4867,D100858
U100859,low,1176.8,1.55,Pune,18.5204,73.8567,D100859
U100860,low,675.1,1.9,Hyderabad,17.385,78.4867,D100860
U100861,regular,4653.73,2.34,Lucknow,26.8467,80.9462,D100861
U100862,regular,4468.76,3.5,Kolkata,22.5726,88.3639,D100862
U100863,regular,1262.47,3.19,Jaipur,26.9124,75.7873,D100863
U100864,low,1066.17,2.29,Delhi,28.6139,77.209,D100864
U100865,low,1087.66,1.14,Delhi,28.6139,77.209,D100865
U100866,low,710.8,2.36,Patna,25.5941,85.1376,D100866
U100867,low,631.52,1.59,Jaipur,26.9124,75.7873,D100867
U100868,regular,1495.49,1.29,Pune,18.5204,73.8567,D100868
U100869,regular,2784.41,3.89,Lucknow,26.8467,80.9462,D100869
U100870,regular,2399.04,1.66,Chennai,13.0827,80.2707,D100870
U100871,regular,3755.4,2.0,Jaipur,26.9124,75.7873,D100871
U100872,low,1068.44,2.13,Hyderabad,17.385,78.4867,D100872
U100873,high,11473.8,3.87,Chennai,13.0827,80.2707,D100873
U100874,regular,3053.12,3.62,Chandigarh,30.7333,76.7794,D100874
U100875,low,1120.36,1.9,Ahmedabad,23.0225,72.5714,D100875
U100876,high,7237.7,3.63,Chennai,13.0827,80.2707,D100876
U100877,regular,3837.47,1.97,Jaipur,26.9124,75.7873,D100877
U100878,high,9589.98,2.26,Chennai,13.0827,80.2707,D100878
U100879,regular,4297.24,2.31,Mumbai,19.076,72.8777,D100879
U100880,low,1199.49,2.44,Pune,18.5204,73.8567,D100880
U100881,regular,3375.09,1.99,Chandigarh,30.7333,76.7794,D100881
U100882,low,357.45,2.48,Chandigarh,30.7333,76.7794,D100882
U100883,low,549.2,1.92,Chandigarh,30.7333,76.7794,D100883
U100884,low,434.94,2.1,Delhi,28.6139,77.209,D100884
U100885,high,13023.64,3.6,Chandigarh,30.7333,76.7794,D100885
U100886,low,425.94,0.84,Lucknow,26.8467,80.9462,D100886
U100887,business,24079.92,4.51,Jaipur,26.9124,75.7873,D100887
U100888,regular,3332.09,3.99,Hyderabad,17.385,78.4867,D100888
U100889,low,942.03,1.97,Chandigarh,30.7333,76.7794,D100889
U100890,regular,4626.11,3.08,Kolkata,22.5726,88.3639,D100890
U100891,low,452.99,1.92,Kolkata,22.5726,88.3639,D100891
U100892,low,387.84,1.02,Chennai,13.0827,80.2707,D100892
U100893,regular,3236.13,3.76,Chandigarh,30.7333,76.7794,D100893
U100894,high,11544.35,2.28,Hyderabad,17.385,78.4867,D100894
U100895,regular,2228.34,3.41,Pune,18.5204,73.8567,D100895
U100896,regular,3342.28,2.5,Mumbai,19.076,72.8777,D100896
U100897,regular,4465.57,2.83,Ahmedabad,23.0225,72.5714,D100897
U100898,low,1100.48,1.65,Chandigarh,30.7333,76.7794,D100898
U100899,regular,2193.42,1.35,Bengaluru,12.9716,77.5946,D100899
U100900,low,480.27,1.5,Ahmedabad,23.0225,72.5714,D100900
U100901,high,14866.49,2.0,Patna,25.5941,85.1376,D100901
U100902,low,372.73,1.37,Bengaluru,12.9716,77.5946,D100902
U100903,low,352.21,1.57,Hyderabad,17.385,78.4867,D100903
U100904,regular,1674.42,3.34,Lucknow,26.8467,80.9462,D100904
U100905,regular,4119.01,1.56,Jaipur,26.9124,75.7873,D100905
U100906,regular,2613.57,3.9,Jaipur,26.9124,75.7873,D100906
U100907,low,780.4,2.04,Delhi,28.6139,77.209,D100907
U100908,high,12568.48,3.36,Delhi,28.6139,77.209,D100908
U100909,regular,3506.75,1.9,Patna,25.5941,85.1376,D100909
U100910,high,8120.92,1.86,Kolkata,22.5726,88.3639,D100910
U100911,regular,1668.08,3.51,Chennai,13.0827,80.2707,D100911
U100912,high,9559.26,3.32,Kolkata,22.5726,88.3639,D100912
U100913,low,1099.18,2.49,Pune,18.5204,73.8567,D100913
U100914,business,32156.25,6.5,Bengaluru,12.9716,77.5946,D100914
U100915,high,14182.05,2.91,Hyderabad,17.385,78.4867,D100915
U100916,low,1186.39,1.16,Delhi,28.6139,77.209,D100916
U100917,regular,1675.94,2.23,Chandigarh,30.7333,76.7794,D100917
U100918,regular,2500.77,2.99,Kolkata,22.5726,88.3639,D100918
U100919,regular,3375.7,1.33,Mumbai,19.076,72.8777,D100919
U100920,regular,1078.97,3.13,Jaipur,26.9124,75.7873,D100920
U100921,regular,1494.38,1.91,Patna,25.5941,85.1376,D100921
U100922,low,925.67,1.87,Chennai,13.0827,80.2707,D100922
U100923,regular,1403.92,2.66,Ahmedabad,23.0225,72.5714,D100923
U100924,regular,1548.65,3.53,Mumbai,19.076,72.8777,D100924
U100925,regular,3470.79,1.99,Mumbai,19.076,72.8777,D100925
U100926,regular,3436.01,3.38,Kolkata,22.5726,88.3639,D100926
U100927,business,27527.26,4.46,Bengaluru,12.9716,77.5946,D100927
U100928,low,746.72,1.15,Lucknow,26.8467,80.9462,D100928
U100929,low,302.46,1.94,Mumbai,19.076,72.8777,D100929
U100930,high,11690.22,2.02,Mumbai,19.076,72.8777,D100930
U100931,regular,1300.19,3.23,Chennai,13.0827,80.2707,D100931
U100932,regular,2827.0,3.94,Chennai,13.0827,80.2707,D100932
U100933,regular,1399.24,1.69,Delhi,28.6139,77.209,D100933
U100934,high,8602.15,3.87,Jaipur,26.9124,75.7873,D100934
U100935,regular,1379.99,3.32,Delhi,28.6139,77.209,D100935
U100936,low,424.55,1.9,Pune,18.5204,73.8567,D100936
U100937,regular,2750.86,2.94,Patna,25.5941,85.1376,D100937
U100938,low,1033.47,1.11,Jaipur,26.9124,75.7873,D100938
U100939,regular,2826.15,3.54,Patna,25.5941,85.1376,D100939
U100940,high,12998.99,3.77,Bengaluru,12.9716,77.5946,D100940
U100941,low,926.55,0.9,Bengaluru,12.9716,77.5946,D100941
U100942,low,1120.1,1.62,Ahmedabad,23.0225,72.5714,D100942
U100943,regular,1725.04,2.26,Pune,18.5204,73.8567,D100943
U100944,regular,4450.3,3.66,Patna,25.5941,85.1376,D100944
U100945,business,19572.94,7.52,Mumbai,19.076,72.8777,D100945
U100946,high,9406.88,1.72,Chandigarh,30.7333,76.7794,D100946
U100947,low,934.11,1.95,Patna,25.5941,85.1376,D100947
U100948,regular,3260.05,3.94,Chandigarh,30.7333,76.7794,D100948
U100949,high,10191.0,3.91,Ahmedabad,23.0225,72.5714,D100949
U100950,low,895.54,1.22,Pune,18.5204,73.8567,D100950
U100951,regular,3565.62,1.62,Kolkata,22.5726,88.3639,D100951
U100952,high,11129.14,1.54,Bengaluru,12.9716,77.5946,D100952
U100953,regular,2877.16,2.59,Bengaluru,12.9716,77.5946,D100953
U100954,low,742.48,1.21,Chennai,13.0827,80.2707,D100954
U100955,low,500.44,1.89,Jaipur,26.9124,75.7873,D100955
U100956,high,5788.31,3.05,Ahmedabad,23.0225,72.5714,D100956
U100957,regular,4426.36,2.45,Mumbai,19.076,72.8777,D100957
U100958,business,41083.36,2.11,Jaipur,26.9124,75.7873,D100958
U100959,regular,3228.52,1.2,Mumbai,19.076,72.8777,D100959
U100960,regular,4852.68,2.99,Kolkata,22.5726,88.3639,D100960
U100961,regular,3618.38,2.48,Pune,18.5204,73.8567,D100961
U100962,regular,1217.1,1.82,Lucknow,26.8467,80.9462,D100962
U100963,low,990.67,1.82,Patna,25.5941,85.1376,D100963
U100964,regular,3863.65,1.52,Chandigarh,30.7333,76.7794,D100964
U100965,low,607.22,2.21,Chennai,13.0827,80.2707,D100965
U100966,regular,2495.56,1.5,Bengaluru,12.9716,77.5946,D100966
U100967,regular,4287.35,3.28,Jaipur,26.9124,75.7873,D100967
U100968,low,849.77,1.12,Jaipur,26.9124,75.7873,D100968
U100969,low,1042.1,1.12,Pune,18.5204,73.8567,D100969
U100970,low,673.02,2.38,Chandigarh,30.7333,76.7794,D100970
U100971,regular,4088.58,2.46,Chandigarh,30.7333,76.7794,D100971
U100972,regular,3016.79,3.9,Delhi,28.6139,77.209,D100972
U100973,regular,1194.29,3.82,Ahmedabad,23.0225,72.5714,D100973
U100974,regular,3033.33,3.78,Bengaluru,12.9716,77.5946,D100974
U100975,regular,1694.6,3.48,Mumbai,19.076,72.8777,D100975
U100976,regular,3402.18,3.67,Kolkata,22.5726,88.3639,D100976
U100977,high,9186.65,3.63,Patna,25.5941,85.1376,D100977
U100978,regular,2094.38,3.9,Chennai,13.0827,80.2707,D100978
U100979,regular,1533.49,2.36,Patna,25.5941,85.1376,D100979
U100980,high,10122.95,4.45,Kolkata,22.5726,88.3639,D100980
U100981,high,12118.74,4.77,Chandigarh,30.7333,76.7794,D100981
U100982,low,488.74,2.01,Chandigarh,30.7333,76.7794,D100982
U100983,low,905.14,2.47,Chandigarh,30.7333,76.7794,D100983
U100984,business,21223.44,5.25,Chandigarh,30.7333,76.7794,D100984
U100985,low,403.86,1.4,Lucknow,26.8467,80.9462,D100985
U100986,regular,4770.69,3.19,Chandigarh,30.7333,76.7794,D100986
U100987,regular,4365.56,2.0,Jaipur,26.9124,75.7873,D100987
U100988,high,10227.3,1.59,Bengaluru,12.9716,77.5946,D100988
U100989,low,350.94,1.25,Bengaluru,12.9716,77.5946,D100989
U100990,business,38918.66,2.88,Delhi,28.6139,77.209,D100990
U100991,regular,2180.56,3.31,Delhi,28.6139,77.209,D100991
U100992,regular,2810.38,2.93,Chandigarh,30.7333,76.7794,D100992
U100993,regular,4459.37,3.28,Kolkata,22.5726,88.3639,D100993
U100994,regular,3043.69,3.43,Patna,25.5941,85.1376,D100994
U100995,low,898.04,2.38,Jaipur,26.9124,75.7873,D100995
U100996,regular,4152.45,3.12,Kolkata,22.5726,88.3639,D100996
U100997,low,969.3,1.15,Lucknow,26.8467,80.9462,D100997
U100998,high,14114.86,3.97,Chandigarh,30.7333,76.7794,D100998
U100999,regular,3353.54,3.27,Hyderabad,17.385,78.4867,D100999
